CandidateID,Skills,ExperienceYears,Education,CurrentLocation,RelocationWillingness,SalaryExpectation,PersonalityAssessment
C1,"['Java', 'Project Management', 'Python', 'Machine Learning']",13,Bachelor's,Seattle,False,42849,Extrovert
C2,"['Machine Learning', 'SQL', 'C++', 'Deep Learning']",15,Master's,Chicago,True,41451,Ambivert
C3,"['Leadership', 'Project Management', 'C++']",12,Bachelor's,Chicago,True,51817,Extrovert
C4,"['C++', 'Python', 'Excel', 'Leadership', 'Project Management']",4,Master's,Chicago,False,58580,Extrovert
C5,"['Machine Learning', 'Leadership', 'Data Analysis', 'Deep Learning']",7,Master's,Seattle,True,126064,Introvert
C6,"['C++', 'Deep Learning', 'Project Management', 'SQL']",8,High School,Seattle,True,121172,Ambivert
C7,"['Excel', 'Project Management', 'C++', 'Python']",9,PhD,Boston,False,91557,Extrovert
C8,"['Excel', 'Python', 'Data Analysis', 'C++', 'Project Management']",10,PhD,Boston,True,96611,Extrovert
C9,"['Java', 'SQL', 'Deep Learning', 'Machine Learning']",1,PhD,New York,False,146551,Introvert
C10,"['Project Management', 'Java', 'Deep Learning', 'Data Analysis']",6,PhD,Seattle,False,111699,Extrovert
C11,"['Excel', 'SQL', 'Machine Learning']",2,Master's,Boston,False,56245,Extrovert
C12,"['Excel', 'Project Management', 'Leadership', 'Machine Learning', 'Python']",13,PhD,Chicago,False,148735,Ambivert
C13,"['SQL', 'Python', 'Machine Learning']",3,High School,Chicago,False,144778,Introvert
C14,"['Leadership', 'C++', 'SQL', 'Project Management', 'Data Analysis']",2,High School,Chicago,True,136296,Extrovert
C15,"['Java', 'Project Management', 'Deep Learning', 'SQL']",13,PhD,Seattle,False,80473,Extrovert
C16,"['Data Analysis', 'C++', 'Deep Learning', 'Leadership']",9,Bachelor's,Seattle,False,72146,Introvert
C17,"['Excel', 'Deep Learning', 'Machine Learning', 'Project Management', 'Java', 'Data Analysis']",2,Bachelor's,Boston,True,74217,Introvert
C18,"['SQL', 'Machine Learning', 'Data Analysis', 'Project Management', 'Leadership']",5,PhD,San Francisco,False,57792,Extrovert
C19,"['Excel', 'SQL', 'Machine Learning']",1,High School,Chicago,False,66044,Ambivert
C20,"['Java', 'SQL', 'Leadership', 'Python']",2,High School,San Francisco,False,72525,Ambivert
C21,"['Deep Learning', 'Java', 'SQL', 'Excel', 'Machine Learning', 'C++']",12,PhD,San Francisco,True,121543,Extrovert
C22,"['Python', 'SQL', 'Deep Learning', 'Machine Learning', 'Data Analysis']",12,Bachelor's,Austin,True,77040,Introvert
C23,"['Machine Learning', 'C++', 'Java']",6,High School,Boston,False,63733,Introvert
C24,"['Python', 'Deep Learning', 'Project Management', 'Machine Learning', 'C++', 'Data Analysis']",8,Bachelor's,Boston,False,78752,Extrovert
C25,"['Data Analysis', 'Project Management', 'Excel', 'Python', 'Deep Learning', 'Machine Learning']",8,Master's,Seattle,True,77841,Introvert
C26,"['C++', 'Deep Learning', 'Excel', 'Leadership', 'Project Management']",13,Bachelor's,Boston,True,116145,Extrovert
C27,"['Leadership', 'Java', 'Deep Learning', 'C++', 'SQL', 'Python']",13,Master's,New York,False,85459,Introvert
C28,"['Python', 'Java', 'Excel']",11,Master's,San Francisco,True,84928,Ambivert
C29,"['Leadership', 'Machine Learning', 'Project Management', 'Deep Learning']",6,PhD,Austin,False,143225,Ambivert
C30,"['Java', 'C++', 'Leadership', 'Deep Learning', 'Data Analysis']",7,PhD,San Francisco,False,58266,Ambivert
C31,"['Deep Learning', 'Machine Learning', 'Java', 'Leadership', 'C++']",15,PhD,Chicago,True,72285,Extrovert
C32,"['C++', 'Project Management', 'Python', 'Java']",14,High School,Austin,True,102648,Introvert
C33,"['SQL', 'Python', 'Leadership', 'Machine Learning', 'Excel']",13,PhD,Seattle,True,77353,Introvert
C34,"['Leadership', 'Machine Learning', 'Data Analysis', 'Deep Learning']",4,PhD,Boston,True,41351,Introvert
C35,"['Leadership', 'Excel', 'Java', 'Project Management']",13,High School,New York,False,47109,Ambivert
C36,"['Data Analysis', 'Java', 'Excel', 'Project Management', 'Deep Learning', 'C++']",3,Master's,New York,False,44511,Ambivert
C37,"['Project Management', 'Python', 'C++', 'Data Analysis']",4,Master's,New York,False,134590,Ambivert
C38,"['Leadership', 'Project Management', 'Data Analysis', 'SQL', 'C++']",4,PhD,Seattle,False,63096,Extrovert
C39,"['C++', 'SQL', 'Java', 'Data Analysis']",14,High School,Boston,True,129471,Extrovert
C40,"['Deep Learning', 'Project Management', 'SQL', 'Java', 'Data Analysis', 'Leadership']",9,Master's,Seattle,True,46027,Introvert
C41,"['SQL', 'Project Management', 'Deep Learning', 'Data Analysis', 'Java']",11,High School,Chicago,False,62544,Ambivert
C42,"['SQL', 'Machine Learning', 'Python']",9,Bachelor's,Boston,False,124821,Extrovert
C43,"['Data Analysis', 'C++', 'Leadership', 'Deep Learning']",14,Master's,Chicago,True,107116,Ambivert
C44,"['SQL', 'Python', 'Excel']",8,PhD,Austin,False,137750,Extrovert
C45,"['SQL', 'Java', 'Excel', 'Deep Learning', 'Project Management', 'Leadership']",10,PhD,New York,True,90901,Ambivert
C46,"['C++', 'Leadership', 'Java']",15,PhD,Chicago,False,42128,Extrovert
C47,"['Leadership', 'Machine Learning', 'Project Management', 'Excel', 'SQL', 'Java']",5,Bachelor's,San Francisco,True,127487,Introvert
C48,"['C++', 'Data Analysis', 'Leadership', 'Excel', 'Machine Learning', 'Deep Learning']",11,High School,Chicago,True,130440,Introvert
C49,"['SQL', 'Project Management', 'Java', 'Python']",8,High School,San Francisco,False,118403,Extrovert
C50,"['Deep Learning', 'Project Management', 'Python']",1,PhD,New York,True,62245,Extrovert
C51,"['Excel', 'C++', 'SQL', 'Python', 'Data Analysis']",11,Bachelor's,San Francisco,False,73093,Introvert
C52,"['Project Management', 'Machine Learning', 'Excel', 'SQL', 'Data Analysis']",2,High School,New York,True,121340,Extrovert
C53,"['Project Management', 'C++', 'Python', 'Machine Learning']",9,Bachelor's,Austin,True,128668,Ambivert
C54,"['Data Analysis', 'Deep Learning', 'Python']",12,Bachelor's,Austin,True,123950,Introvert
C55,"['Data Analysis', 'Project Management', 'Deep Learning', 'Excel']",14,High School,Austin,True,132563,Ambivert
C56,"['Excel', 'Python', 'Leadership', 'Java']",10,Bachelor's,Boston,False,93218,Introvert
C57,"['C++', 'Machine Learning', 'Leadership', 'Data Analysis', 'SQL', 'Project Management']",3,High School,New York,False,76635,Introvert
C58,"['C++', 'Java', 'Deep Learning', 'Machine Learning', 'SQL']",6,PhD,Seattle,False,63962,Extrovert
C59,"['Java', 'Data Analysis', 'Excel', 'Python', 'Deep Learning', 'Machine Learning']",6,PhD,Chicago,True,45057,Extrovert
C60,"['Data Analysis', 'Leadership', 'SQL']",11,Master's,Seattle,True,48194,Extrovert
C61,"['Data Analysis', 'Deep Learning', 'Leadership', 'Python', 'Project Management', 'C++']",10,Master's,New York,False,122081,Extrovert
C62,"['Data Analysis', 'Deep Learning', 'Java']",1,PhD,Chicago,True,43823,Introvert
C63,"['C++', 'Project Management', 'Python', 'Deep Learning', 'Data Analysis']",13,PhD,Chicago,False,74118,Introvert
C64,"['Project Management', 'Machine Learning', 'SQL', 'Python', 'Excel']",12,Bachelor's,Chicago,True,145325,Introvert
C65,"['Java', 'Project Management', 'Machine Learning']",7,High School,Seattle,False,50560,Introvert
C66,"['C++', 'Deep Learning', 'SQL']",6,PhD,Boston,False,53672,Extrovert
C67,"['Java', 'Data Analysis', 'Excel']",11,PhD,Chicago,True,43583,Introvert
C68,"['Data Analysis', 'Project Management', 'Excel', 'C++']",14,Master's,Chicago,True,147513,Extrovert
C69,"['Leadership', 'Excel', 'Data Analysis', 'Java', 'C++', 'Project Management']",5,Bachelor's,San Francisco,False,140305,Introvert
C70,"['C++', 'Deep Learning', 'Data Analysis', 'Leadership']",3,High School,New York,True,105096,Introvert
C71,"['Machine Learning', 'Deep Learning', 'Java', 'Python', 'Project Management', 'SQL']",12,Master's,Seattle,True,87432,Extrovert
C72,"['Leadership', 'SQL', 'Python', 'Data Analysis', 'Project Management', 'Excel']",9,High School,Seattle,False,49063,Introvert
C73,"['Machine Learning', 'Leadership', 'Data Analysis', 'Python']",4,PhD,New York,True,131600,Extrovert
C74,"['SQL', 'Deep Learning', 'Project Management', 'Excel', 'Python', 'Data Analysis']",15,PhD,Chicago,True,50478,Introvert
C75,"['Deep Learning', 'Leadership', 'Python', 'C++', 'SQL']",14,Bachelor's,New York,False,52729,Ambivert
C76,"['Data Analysis', 'Project Management', 'Excel', 'Java', 'Leadership', 'C++']",7,High School,Seattle,True,58365,Ambivert
C77,"['Data Analysis', 'Java', 'Excel']",14,Master's,Boston,False,134811,Introvert
C78,"['Project Management', 'C++', 'Data Analysis', 'Excel', 'Deep Learning']",2,Master's,Austin,True,133701,Introvert
C79,"['Project Management', 'Deep Learning', 'Data Analysis']",11,PhD,Austin,True,82130,Ambivert
C80,"['Leadership', 'Deep Learning', 'C++', 'Project Management']",7,Master's,San Francisco,False,64087,Ambivert
C81,"['Java', 'Python', 'C++', 'SQL', 'Deep Learning']",11,High School,Austin,True,130488,Extrovert
C82,"['Deep Learning', 'Python', 'Machine Learning', 'Leadership', 'C++', 'Java']",1,Master's,San Francisco,True,84029,Introvert
C83,"['Machine Learning', 'Excel', 'Deep Learning', 'C++', 'Data Analysis']",14,PhD,Austin,False,101380,Extrovert
C84,"['Machine Learning', 'SQL', 'Project Management', 'Excel', 'Java', 'Leadership']",1,PhD,New York,True,123680,Introvert
C85,"['SQL', 'C++', 'Data Analysis']",10,PhD,Seattle,True,110030,Ambivert
C86,"['Excel', 'Data Analysis', 'Machine Learning', 'Deep Learning', 'C++']",10,PhD,San Francisco,True,59503,Extrovert
C87,"['Deep Learning', 'Python', 'Machine Learning']",14,PhD,Seattle,False,143005,Extrovert
C88,"['Excel', 'Project Management', 'Java']",7,PhD,Austin,False,78184,Introvert
C89,"['Deep Learning', 'Data Analysis', 'C++', 'Project Management', 'Excel']",4,PhD,San Francisco,True,110214,Ambivert
C90,"['Leadership', 'Python', 'Machine Learning', 'SQL', 'Deep Learning', 'Java']",7,High School,New York,False,41961,Extrovert
C91,"['Deep Learning', 'Machine Learning', 'Project Management', 'Python']",10,High School,New York,False,139977,Extrovert
C92,"['Deep Learning', 'Machine Learning', 'C++', 'Excel', 'Project Management', 'Data Analysis']",3,PhD,Boston,True,83271,Ambivert
C93,"['Java', 'SQL', 'Machine Learning', 'Python']",15,Bachelor's,Boston,False,142174,Introvert
C94,"['Data Analysis', 'Python', 'Deep Learning', 'Java', 'C++', 'Machine Learning']",15,PhD,New York,False,133125,Ambivert
C95,"['Deep Learning', 'C++', 'Excel', 'Data Analysis', 'Project Management', 'Python']",10,Bachelor's,New York,True,134075,Ambivert
C96,"['Data Analysis', 'Python', 'Excel', 'Leadership', 'Java']",4,High School,Seattle,True,130811,Ambivert
C97,"['Data Analysis', 'Deep Learning', 'Excel', 'Java', 'Leadership']",3,Bachelor's,Austin,False,145530,Ambivert
C98,"['Java', 'Leadership', 'Project Management']",11,Master's,Chicago,False,63236,Introvert
C99,"['Project Management', 'C++', 'SQL', 'Machine Learning']",3,PhD,San Francisco,True,124362,Ambivert
C100,"['SQL', 'Machine Learning', 'Python', 'C++']",12,Bachelor's,Austin,False,55158,Introvert
C101,"['Java', 'Deep Learning', 'Data Analysis', 'Machine Learning', 'Project Management', 'Leadership']",6,Bachelor's,Seattle,True,103313,Extrovert
C102,"['Leadership', 'Python', 'C++', 'Deep Learning', 'SQL']",6,Bachelor's,San Francisco,True,119189,Extrovert
C103,"['C++', 'Machine Learning', 'Deep Learning', 'Java', 'Leadership']",7,Bachelor's,New York,True,144298,Extrovert
C104,"['Excel', 'Java', 'Python']",8,High School,San Francisco,True,91820,Ambivert
C105,"['Python', 'Excel', 'Java', 'Project Management', 'Machine Learning']",13,Master's,San Francisco,False,90665,Extrovert
C106,"['Java', 'SQL', 'Python', 'Deep Learning', 'Machine Learning']",7,Bachelor's,Chicago,True,121958,Ambivert
C107,"['Deep Learning', 'Machine Learning', 'Python']",10,Bachelor's,Chicago,True,139686,Ambivert
C108,"['Excel', 'Project Management', 'C++', 'SQL', 'Deep Learning']",13,Bachelor's,New York,True,78405,Introvert
C109,"['C++', 'Machine Learning', 'Leadership', 'Project Management']",13,PhD,Seattle,False,81566,Introvert
C110,"['C++', 'Python', 'Excel']",7,Master's,Seattle,False,113699,Ambivert
C111,"['Machine Learning', 'Python', 'C++']",7,Bachelor's,New York,True,74814,Ambivert
C112,"['Java', 'Excel', 'Deep Learning']",8,Bachelor's,Chicago,False,140359,Ambivert
C113,"['Deep Learning', 'Java', 'Data Analysis', 'Excel']",2,Master's,Austin,False,141590,Introvert
C114,"['Java', 'Python', 'Deep Learning', 'Machine Learning', 'Data Analysis']",3,Bachelor's,Chicago,True,141289,Extrovert
C115,"['Deep Learning', 'SQL', 'C++', 'Java', 'Data Analysis']",3,High School,San Francisco,True,100477,Ambivert
C116,"['Project Management', 'SQL', 'Python', 'C++']",8,PhD,Boston,True,118868,Introvert
C117,"['Project Management', 'Python', 'Deep Learning', 'Java', 'Machine Learning', 'Data Analysis']",5,PhD,Chicago,False,87938,Extrovert
C118,"['Leadership', 'Python', 'SQL', 'C++', 'Project Management', 'Deep Learning']",11,Bachelor's,Chicago,False,45943,Extrovert
C119,"['Python', 'Project Management', 'Java']",12,PhD,Seattle,True,90398,Ambivert
C120,"['Project Management', 'Leadership', 'Excel', 'C++', 'SQL']",8,High School,San Francisco,False,66875,Ambivert
C121,"['C++', 'Java', 'Leadership', 'Excel', 'Data Analysis']",13,Master's,New York,False,122571,Introvert
C122,"['Excel', 'Leadership', 'Machine Learning', 'Java', 'Python', 'C++']",1,PhD,New York,False,118295,Extrovert
C123,"['SQL', 'Python', 'Data Analysis', 'Excel', 'Deep Learning']",11,Bachelor's,Austin,False,99583,Extrovert
C124,"['Deep Learning', 'Excel', 'Java', 'Data Analysis', 'Project Management']",9,PhD,Chicago,True,49347,Introvert
C125,"['C++', 'Project Management', 'Java']",1,Master's,San Francisco,False,142374,Introvert
C126,"['Java', 'Data Analysis', 'Project Management', 'Excel', 'C++']",5,High School,New York,True,99824,Ambivert
C127,"['C++', 'Excel', 'Java', 'Data Analysis', 'Leadership']",14,High School,Boston,True,41418,Extrovert
C128,"['Python', 'Project Management', 'SQL', 'C++']",2,Master's,New York,False,59162,Extrovert
C129,"['Data Analysis', 'Leadership', 'Machine Learning', 'Project Management']",11,Bachelor's,Chicago,True,51980,Introvert
C130,"['Machine Learning', 'Project Management', 'Leadership', 'Java', 'Deep Learning', 'Python']",4,Bachelor's,San Francisco,True,56444,Ambivert
C131,"['Excel', 'Data Analysis', 'SQL']",6,Master's,San Francisco,False,75836,Extrovert
C132,"['Leadership', 'Data Analysis', 'Excel', 'SQL', 'C++', 'Python']",9,High School,Seattle,False,59595,Ambivert
C133,"['C++', 'Java', 'Python', 'Project Management', 'SQL', 'Machine Learning']",4,Bachelor's,San Francisco,False,115621,Extrovert
C134,"['C++', 'SQL', 'Deep Learning']",7,PhD,San Francisco,False,131663,Introvert
C135,"['Machine Learning', 'Java', 'C++']",6,Master's,Boston,True,65825,Ambivert
C136,"['Excel', 'Python', 'C++', 'Data Analysis']",1,Bachelor's,Austin,True,114037,Extrovert
C137,"['Leadership', 'SQL', 'Machine Learning']",15,PhD,Boston,False,144620,Extrovert
C138,"['Data Analysis', 'SQL', 'Excel', 'Leadership', 'Deep Learning', 'Java']",8,High School,San Francisco,False,146190,Introvert
C139,"['Machine Learning', 'Project Management', 'Leadership']",9,PhD,Chicago,False,57154,Ambivert
C140,"['Data Analysis', 'Java', 'Python', 'SQL', 'C++', 'Excel']",5,PhD,Austin,True,59631,Introvert
C141,"['Java', 'SQL', 'Excel']",5,High School,Austin,False,90037,Ambivert
C142,"['Data Analysis', 'Python', 'C++']",13,Bachelor's,New York,False,141077,Extrovert
C143,"['Machine Learning', 'Python', 'Deep Learning', 'Data Analysis']",12,Master's,Austin,False,120902,Extrovert
C144,"['Excel', 'Java', 'Project Management', 'Deep Learning', 'Leadership', 'Machine Learning']",4,PhD,San Francisco,True,117451,Extrovert
C145,"['Project Management', 'Leadership', 'Machine Learning', 'C++']",6,PhD,Seattle,True,58509,Extrovert
C146,"['C++', 'Excel', 'Python', 'Java', 'Leadership']",1,PhD,Seattle,True,89903,Ambivert
C147,"['C++', 'Python', 'Machine Learning', 'Leadership']",9,PhD,New York,False,125853,Extrovert
C148,"['Machine Learning', 'Python', 'Data Analysis', 'Deep Learning']",6,High School,Boston,True,47616,Extrovert
C149,"['Java', 'SQL', 'Deep Learning']",10,Master's,San Francisco,True,142397,Ambivert
C150,"['Deep Learning', 'Leadership', 'Python', 'Java', 'Data Analysis']",4,High School,Seattle,False,88652,Extrovert
C151,"['Excel', 'Project Management', 'C++']",15,Bachelor's,Chicago,False,90721,Extrovert
C152,"['Leadership', 'Python', 'C++', 'Deep Learning', 'Data Analysis', 'SQL']",15,PhD,Boston,False,75530,Introvert
C153,"['Python', 'Excel', 'Project Management', 'Machine Learning']",7,Bachelor's,Boston,True,143689,Introvert
C154,"['Java', 'Machine Learning', 'Excel', 'Data Analysis', 'SQL']",12,Master's,Chicago,False,102430,Ambivert
C155,"['Data Analysis', 'Excel', 'Python', 'Project Management']",10,PhD,New York,True,131560,Introvert
C156,"['Project Management', 'Machine Learning', 'SQL', 'Java']",9,Bachelor's,Austin,True,97094,Introvert
C157,"['Leadership', 'Data Analysis', 'Python', 'SQL', 'C++', 'Project Management']",7,High School,Boston,False,67429,Introvert
C158,"['Deep Learning', 'Python', 'Excel']",10,High School,San Francisco,False,80915,Extrovert
C159,"['Data Analysis', 'Python', 'Excel']",10,Master's,Austin,True,60221,Ambivert
C160,"['SQL', 'Python', 'Project Management', 'Java']",7,PhD,Boston,True,48112,Introvert
C161,"['Project Management', 'Excel', 'Java']",8,PhD,San Francisco,True,132954,Introvert
C162,"['Excel', 'Project Management', 'SQL', 'C++', 'Python']",11,Master's,Austin,True,64780,Extrovert
C163,"['Project Management', 'Data Analysis', 'Leadership', 'Machine Learning', 'C++']",8,PhD,Austin,False,135947,Extrovert
C164,"['Leadership', 'Java', 'C++']",4,PhD,Austin,False,71029,Extrovert
C165,"['SQL', 'Data Analysis', 'Java', 'Excel', 'C++']",11,Master's,San Francisco,False,143656,Introvert
C166,"['Deep Learning', 'SQL', 'Data Analysis', 'C++']",10,High School,Chicago,False,130756,Ambivert
C167,"['Project Management', 'C++', 'Deep Learning', 'Leadership']",11,PhD,San Francisco,False,142229,Introvert
C168,"['Deep Learning', 'Excel', 'SQL', 'Leadership', 'C++', 'Project Management']",8,Master's,Chicago,False,67908,Ambivert
C169,"['SQL', 'Java', 'Project Management']",12,PhD,San Francisco,False,78798,Introvert
C170,"['Python', 'SQL', 'Data Analysis', 'Machine Learning']",4,Master's,New York,False,70190,Extrovert
C171,"['Deep Learning', 'Leadership', 'C++', 'Data Analysis', 'Project Management', 'Java']",12,Bachelor's,Seattle,True,143336,Ambivert
C172,"['Deep Learning', 'Project Management', 'Data Analysis', 'Machine Learning', 'Python', 'Leadership']",5,Bachelor's,San Francisco,False,109055,Extrovert
C173,"['Project Management', 'C++', 'SQL']",3,Master's,New York,True,69549,Introvert
C174,"['Data Analysis', 'Java', 'Leadership', 'C++', 'Excel']",15,PhD,Boston,False,84483,Introvert
C175,"['SQL', 'Excel', 'Leadership', 'Java']",5,PhD,Austin,True,101089,Introvert
C176,"['Java', 'Leadership', 'Deep Learning', 'C++']",7,High School,San Francisco,True,75949,Ambivert
C177,"['Project Management', 'SQL', 'Machine Learning', 'Python', 'Java', 'C++']",6,Bachelor's,Boston,False,54392,Extrovert
C178,"['Project Management', 'Machine Learning', 'Python']",15,Master's,Chicago,True,76863,Extrovert
C179,"['Excel', 'Data Analysis', 'Leadership', 'Machine Learning', 'SQL']",5,PhD,Seattle,True,71184,Extrovert
C180,"['SQL', 'Java', 'Machine Learning', 'Project Management', 'Excel']",1,High School,San Francisco,False,125520,Introvert
C181,"['SQL', 'Project Management', 'Excel', 'C++', 'Java', 'Data Analysis']",13,Bachelor's,Boston,False,64905,Extrovert
C182,"['Python', 'Project Management', 'C++', 'SQL', 'Deep Learning', 'Data Analysis']",9,Master's,Seattle,True,53928,Introvert
C183,"['Excel', 'Java', 'SQL']",11,PhD,New York,True,81231,Introvert
C184,"['Java', 'Project Management', 'SQL', 'Data Analysis', 'Deep Learning', 'Leadership']",9,Master's,New York,True,59763,Ambivert
C185,"['Excel', 'Leadership', 'Java', 'Deep Learning']",12,High School,Austin,False,96592,Introvert
C186,"['Project Management', 'Data Analysis', 'Java', 'SQL', 'Leadership', 'C++']",14,Bachelor's,San Francisco,True,87908,Extrovert
C187,"['Project Management', 'Python', 'C++']",11,Master's,Seattle,False,131757,Extrovert
C188,"['Java', 'Leadership', 'SQL', 'Data Analysis', 'Deep Learning']",4,High School,Boston,False,124480,Introvert
C189,"['SQL', 'Machine Learning', 'Leadership', 'Python']",2,PhD,San Francisco,True,142006,Introvert
C190,"['SQL', 'Deep Learning', 'Java', 'Leadership']",14,Bachelor's,New York,False,88678,Introvert
C191,"['Leadership', 'Machine Learning', 'Java', 'Project Management']",6,Bachelor's,Austin,False,119855,Extrovert
C192,"['Excel', 'Java', 'Data Analysis']",11,Bachelor's,New York,False,131906,Extrovert
C193,"['Machine Learning', 'SQL', 'Excel', 'Data Analysis', 'Python']",4,High School,Austin,False,67018,Extrovert
C194,"['Data Analysis', 'Leadership', 'C++']",11,Bachelor's,Seattle,False,138232,Introvert
C195,"['C++', 'Leadership', 'Deep Learning', 'Excel']",15,High School,New York,True,59938,Introvert
C196,"['Java', 'Excel', 'Leadership', 'Project Management']",1,Master's,Seattle,False,104936,Introvert
C197,"['Excel', 'Deep Learning', 'Machine Learning', 'Python']",5,High School,Seattle,True,71587,Extrovert
C198,"['C++', 'Machine Learning', 'SQL', 'Project Management', 'Excel', 'Java']",12,Master's,Boston,False,139952,Ambivert
C199,"['SQL', 'Leadership', 'Project Management']",12,Master's,San Francisco,False,142968,Introvert
C200,"['Deep Learning', 'Data Analysis', 'Project Management', 'C++']",12,High School,Boston,True,74860,Introvert
C201,"['Python', 'Project Management', 'C++', 'Java', 'Leadership']",12,Master's,Chicago,False,52639,Ambivert
C202,"['Data Analysis', 'SQL', 'Excel', 'Deep Learning', 'Project Management', 'Python']",7,Master's,Seattle,True,96059,Introvert
C203,"['Java', 'C++', 'Leadership', 'Python']",1,Master's,New York,True,56085,Extrovert
C204,"['C++', 'Deep Learning', 'Leadership', 'Data Analysis', 'Excel', 'Project Management']",15,Master's,Chicago,False,141506,Extrovert
C205,"['Data Analysis', 'Project Management', 'SQL', 'Excel', 'Leadership']",12,High School,Boston,True,101214,Extrovert
C206,"['Python', 'SQL', 'Project Management', 'Java', 'Data Analysis']",8,Master's,Seattle,True,127089,Extrovert
C207,"['Machine Learning', 'Leadership', 'Deep Learning', 'Data Analysis']",13,PhD,San Francisco,True,142269,Ambivert
C208,"['Project Management', 'Leadership', 'SQL']",5,Master's,Austin,True,101051,Extrovert
C209,"['Project Management', 'Python', 'SQL']",10,PhD,San Francisco,False,63202,Introvert
C210,"['Data Analysis', 'Leadership', 'Python']",7,High School,Boston,False,102496,Ambivert
C211,"['Java', 'Excel', 'SQL']",13,Master's,Boston,True,124955,Ambivert
C212,"['C++', 'SQL', 'Leadership', 'Excel', 'Data Analysis']",12,Master's,Boston,True,137321,Extrovert
C213,"['Data Analysis', 'Project Management', 'Deep Learning', 'SQL', 'Machine Learning', 'Python']",3,Master's,Austin,True,114358,Ambivert
C214,"['Excel', 'SQL', 'C++', 'Machine Learning', 'Python', 'Leadership']",12,PhD,New York,True,68701,Introvert
C215,"['Excel', 'Java', 'SQL', 'Data Analysis', 'Project Management', 'Deep Learning']",13,PhD,Chicago,False,122567,Ambivert
C216,"['Project Management', 'Data Analysis', 'Leadership', 'Deep Learning']",8,Master's,Chicago,True,137118,Ambivert
C217,"['Java', 'Data Analysis', 'Excel']",1,High School,San Francisco,False,65471,Ambivert
C218,"['SQL', 'Project Management', 'Data Analysis']",2,Bachelor's,Boston,True,113075,Extrovert
C219,"['Excel', 'Deep Learning', 'Machine Learning', 'C++']",3,Master's,New York,False,43176,Extrovert
C220,"['Python', 'Deep Learning', 'Leadership', 'Java', 'Data Analysis', 'SQL']",1,Master's,New York,True,104385,Introvert
C221,"['C++', 'Java', 'Python', 'Project Management', 'Machine Learning', 'Data Analysis']",2,Master's,Chicago,True,41894,Ambivert
C222,"['Project Management', 'Data Analysis', 'C++', 'Deep Learning']",6,Bachelor's,San Francisco,True,58665,Introvert
C223,"['Excel', 'Java', 'Data Analysis']",1,PhD,Chicago,True,110426,Ambivert
C224,"['Data Analysis', 'SQL', 'Python', 'Excel', 'Project Management', 'Deep Learning']",1,PhD,Chicago,True,64239,Extrovert
C225,"['Python', 'C++', 'SQL']",14,Master's,Boston,True,67921,Introvert
C226,"['C++', 'Project Management', 'Deep Learning', 'Python']",10,Master's,Seattle,False,134127,Introvert
C227,"['Project Management', 'C++', 'SQL', 'Leadership', 'Excel', 'Python']",4,High School,New York,False,75345,Extrovert
C228,"['C++', 'Deep Learning', 'Project Management', 'Machine Learning']",1,High School,New York,True,58268,Ambivert
C229,"['SQL', 'Leadership', 'Excel']",3,PhD,San Francisco,False,104833,Introvert
C230,"['Java', 'Leadership', 'SQL', 'Data Analysis', 'Deep Learning']",9,High School,Boston,True,121322,Introvert
C231,"['Deep Learning', 'C++', 'Data Analysis', 'Excel', 'Machine Learning', 'Project Management']",7,High School,New York,False,122892,Introvert
C232,"['C++', 'SQL', 'Java']",9,Master's,San Francisco,True,117376,Ambivert
C233,"['SQL', 'Machine Learning', 'Java', 'C++', 'Python', 'Project Management']",14,High School,New York,True,46402,Ambivert
C234,"['Project Management', 'Excel', 'Leadership', 'C++', 'Python']",15,Master's,Seattle,True,148912,Ambivert
C235,"['C++', 'Excel', 'SQL', 'Project Management', 'Data Analysis', 'Machine Learning']",4,Master's,Seattle,True,81527,Extrovert
C236,"['Deep Learning', 'Excel', 'Data Analysis', 'SQL', 'Java', 'C++']",7,PhD,Seattle,False,138246,Ambivert
C237,"['C++', 'SQL', 'Excel', 'Deep Learning', 'Project Management', 'Data Analysis']",14,PhD,New York,False,110393,Introvert
C238,"['C++', 'Java', 'SQL', 'Machine Learning']",13,Bachelor's,Seattle,True,105894,Ambivert
C239,"['Java', 'Deep Learning', 'Project Management', 'C++']",7,Master's,Austin,False,101188,Ambivert
C240,"['Leadership', 'Data Analysis', 'Deep Learning']",6,PhD,Boston,False,52862,Introvert
C241,"['C++', 'Leadership', 'Machine Learning', 'SQL']",1,Master's,Chicago,True,94580,Introvert
C242,"['SQL', 'Deep Learning', 'Java', 'Machine Learning']",15,High School,San Francisco,False,66088,Introvert
C243,"['Deep Learning', 'Java', 'Leadership', 'Data Analysis', 'Project Management', 'Excel']",7,High School,Boston,False,46096,Extrovert
C244,"['Deep Learning', 'Project Management', 'Leadership', 'C++']",12,High School,Austin,False,128562,Extrovert
C245,"['SQL', 'C++', 'Deep Learning', 'Java', 'Excel']",4,High School,Austin,False,56332,Ambivert
C246,"['Excel', 'Machine Learning', 'Data Analysis']",7,Master's,Chicago,True,140500,Introvert
C247,"['Machine Learning', 'Leadership', 'Data Analysis', 'Excel', 'C++', 'Java']",2,Master's,Boston,True,80451,Extrovert
C248,"['Project Management', 'Machine Learning', 'SQL', 'C++', 'Java', 'Data Analysis']",3,High School,Boston,True,44157,Introvert
C249,"['Java', 'Excel', 'C++', 'Data Analysis', 'Leadership']",13,Bachelor's,Seattle,True,110015,Ambivert
C250,"['Machine Learning', 'Python', 'Leadership']",7,Bachelor's,Austin,True,127209,Ambivert
C251,"['Data Analysis', 'SQL', 'Deep Learning', 'Machine Learning', 'C++', 'Project Management']",2,High School,Seattle,False,130754,Ambivert
C252,"['SQL', 'Python', 'C++', 'Project Management', 'Machine Learning', 'Deep Learning']",15,PhD,Chicago,True,108341,Ambivert
C253,"['Deep Learning', 'Python', 'Leadership', 'Machine Learning', 'Excel']",12,PhD,San Francisco,False,113578,Introvert
C254,"['Deep Learning', 'SQL', 'Leadership', 'Project Management']",10,Master's,Austin,True,75966,Introvert
C255,"['Deep Learning', 'SQL', 'Data Analysis']",3,Master's,Seattle,False,94023,Introvert
C256,"['Excel', 'C++', 'Java', 'Python', 'Deep Learning', 'Project Management']",1,High School,Chicago,True,102390,Introvert
C257,"['Deep Learning', 'Java', 'Project Management', 'C++']",5,Bachelor's,San Francisco,False,50600,Introvert
C258,"['C++', 'Project Management', 'Excel', 'Java', 'Machine Learning']",14,Master's,Austin,True,118585,Ambivert
C259,"['C++', 'Project Management', 'SQL', 'Python']",6,Master's,Boston,True,98580,Introvert
C260,"['Python', 'Machine Learning', 'C++']",2,Bachelor's,Austin,True,68545,Ambivert
C261,"['Machine Learning', 'Excel', 'SQL']",9,High School,New York,False,77176,Introvert
C262,"['Project Management', 'SQL', 'Leadership']",14,Bachelor's,Seattle,False,59231,Introvert
C263,"['C++', 'Deep Learning', 'Project Management', 'Excel', 'SQL', 'Data Analysis']",6,Bachelor's,New York,True,49400,Introvert
C264,"['Project Management', 'SQL', 'Machine Learning', 'Deep Learning']",12,PhD,San Francisco,True,41577,Ambivert
C265,"['Java', 'Data Analysis', 'Deep Learning', 'Python', 'Machine Learning']",6,Bachelor's,New York,False,113022,Ambivert
C266,"['Python', 'Deep Learning', 'C++', 'SQL', 'Machine Learning']",1,Master's,Seattle,True,96784,Ambivert
C267,"['Data Analysis', 'SQL', 'Machine Learning']",2,PhD,Boston,False,131785,Introvert
C268,"['SQL', 'C++', 'Data Analysis']",3,Master's,Chicago,True,115994,Ambivert
C269,"['Deep Learning', 'Data Analysis', 'Java', 'Machine Learning', 'Leadership', 'Python']",5,Master's,Chicago,False,116442,Ambivert
C270,"['C++', 'Machine Learning', 'Project Management']",10,PhD,Seattle,False,136152,Ambivert
C271,"['Data Analysis', 'Java', 'Project Management', 'C++', 'Deep Learning', 'Excel']",2,PhD,Boston,False,98730,Extrovert
C272,"['SQL', 'C++', 'Excel', 'Project Management']",12,PhD,Chicago,True,69516,Extrovert
C273,"['Project Management', 'Python', 'Java', 'Machine Learning', 'Deep Learning']",14,PhD,Austin,False,122007,Introvert
C274,"['C++', 'Machine Learning', 'Java']",8,Master's,Chicago,True,134866,Extrovert
C275,"['Project Management', 'Java', 'C++', 'Python', 'Leadership', 'Data Analysis']",11,PhD,Chicago,False,49449,Ambivert
C276,"['Deep Learning', 'Leadership', 'Project Management', 'Python']",9,Bachelor's,Austin,False,133178,Extrovert
C277,"['Leadership', 'SQL', 'C++', 'Excel', 'Python', 'Data Analysis']",11,Bachelor's,Boston,True,108142,Extrovert
C278,"['Python', 'Deep Learning', 'Leadership', 'Java', 'Project Management']",3,High School,Seattle,False,82341,Ambivert
C279,"['Java', 'Deep Learning', 'Project Management']",13,Bachelor's,Austin,False,71829,Ambivert
C280,"['Leadership', 'SQL', 'C++']",1,High School,Boston,False,81646,Ambivert
C281,"['Data Analysis', 'Excel', 'Machine Learning', 'Python', 'Leadership', 'C++']",9,High School,New York,False,131261,Extrovert
C282,"['C++', 'Machine Learning', 'Data Analysis']",13,Master's,Austin,True,141339,Extrovert
C283,"['Deep Learning', 'Java', 'Python', 'Project Management']",9,PhD,Seattle,True,147430,Introvert
C284,"['SQL', 'Python', 'Data Analysis']",15,High School,Boston,False,122400,Introvert
C285,"['SQL', 'Leadership', 'Machine Learning', 'C++']",5,Bachelor's,San Francisco,False,47925,Extrovert
C286,"['Deep Learning', 'Data Analysis', 'Java']",5,Bachelor's,New York,True,55229,Extrovert
C287,"['Python', 'Data Analysis', 'Project Management', 'Java']",5,Master's,San Francisco,True,88028,Ambivert
C288,"['Excel', 'SQL', 'Java', 'C++']",1,Master's,Boston,True,80301,Introvert
C289,"['Java', 'Data Analysis', 'Deep Learning', 'Excel', 'Python', 'C++']",9,Bachelor's,New York,False,131387,Ambivert
C290,"['Excel', 'Deep Learning', 'Java', 'SQL', 'Data Analysis', 'Machine Learning']",3,High School,Boston,True,144389,Introvert
C291,"['Java', 'Excel', 'Data Analysis']",15,High School,Austin,True,50156,Ambivert
C292,"['SQL', 'Excel', 'Project Management', 'Java', 'Data Analysis']",11,High School,San Francisco,True,104246,Ambivert
C293,"['Python', 'C++', 'Leadership', 'Project Management', 'Java', 'Machine Learning']",11,PhD,Chicago,False,68241,Ambivert
C294,"['C++', 'Python', 'Data Analysis', 'Java']",6,High School,Boston,True,68060,Extrovert
C295,"['Deep Learning', 'Leadership', 'Java', 'Python', 'Excel', 'Machine Learning']",15,Bachelor's,San Francisco,True,148445,Extrovert
C296,"['Machine Learning', 'Leadership', 'Python']",4,Master's,New York,True,105292,Extrovert
C297,"['Python', 'Deep Learning', 'C++', 'Project Management', 'Data Analysis']",13,High School,Seattle,False,141807,Extrovert
C298,"['Excel', 'Deep Learning', 'Java']",4,Bachelor's,San Francisco,False,75956,Extrovert
C299,"['Project Management', 'Data Analysis', 'Java', 'C++', 'SQL', 'Excel']",1,High School,San Francisco,False,66812,Extrovert
C300,"['Excel', 'Deep Learning', 'Project Management', 'C++', 'Leadership', 'SQL']",3,High School,Seattle,False,128852,Introvert
C301,"['Java', 'Leadership', 'Excel', 'Deep Learning', 'Python']",12,Bachelor's,New York,True,84899,Ambivert
C302,"['SQL', 'Java', 'Machine Learning']",9,Master's,San Francisco,False,148316,Introvert
C303,"['Java', 'Data Analysis', 'Project Management', 'C++', 'Leadership']",8,Master's,Boston,True,136938,Introvert
C304,"['Python', 'Java', 'Leadership', 'Project Management', 'Deep Learning', 'SQL']",4,High School,Boston,True,130216,Ambivert
C305,"['Project Management', 'Deep Learning', 'Excel']",13,Bachelor's,Austin,True,46620,Introvert
C306,"['Java', 'C++', 'Python', 'Deep Learning', 'Excel']",15,Master's,Boston,True,142057,Introvert
C307,"['Project Management', 'C++', 'Leadership']",12,PhD,San Francisco,False,78853,Introvert
C308,"['Leadership', 'Excel', 'C++']",3,High School,New York,False,135296,Ambivert
C309,"['C++', 'Java', 'Python']",7,Bachelor's,Seattle,True,54612,Ambivert
C310,"['Excel', 'Deep Learning', 'C++', 'Project Management', 'Python', 'Java']",4,Master's,New York,False,74516,Ambivert
C311,"['SQL', 'Python', 'Machine Learning', 'Project Management']",6,Master's,Austin,True,113347,Extrovert
C312,"['Excel', 'SQL', 'Deep Learning', 'Python', 'Machine Learning']",6,Master's,New York,False,96479,Ambivert
C313,"['Leadership', 'Machine Learning', 'Project Management']",2,PhD,Seattle,True,104022,Extrovert
C314,"['Machine Learning', 'Python', 'Project Management']",12,Bachelor's,Austin,False,54453,Introvert
C315,"['Excel', 'Project Management', 'Leadership', 'C++']",4,High School,San Francisco,True,58763,Extrovert
C316,"['Machine Learning', 'Project Management', 'Deep Learning']",9,Bachelor's,San Francisco,True,110242,Extrovert
C317,"['SQL', 'Deep Learning', 'Project Management', 'Python', 'Data Analysis', 'Machine Learning']",3,Master's,Chicago,True,69241,Extrovert
C318,"['Leadership', 'Data Analysis', 'Java', 'Excel', 'C++']",1,PhD,Chicago,False,110681,Introvert
C319,"['Java', 'Leadership', 'Python', 'Machine Learning', 'Project Management', 'Deep Learning']",12,Master's,New York,True,44781,Extrovert
C320,"['Java', 'Python', 'Machine Learning', 'Project Management', 'C++']",9,High School,Boston,False,48730,Extrovert
C321,"['Machine Learning', 'SQL', 'Java']",6,PhD,Seattle,False,134805,Introvert
C322,"['Excel', 'Python', 'Data Analysis', 'Machine Learning', 'Java', 'Project Management']",10,Master's,Boston,False,98223,Introvert
C323,"['Python', 'SQL', 'Deep Learning', 'Excel']",1,Bachelor's,Boston,False,102733,Extrovert
C324,"['Leadership', 'Java', 'Python', 'Machine Learning', 'Project Management']",2,Master's,San Francisco,True,78075,Introvert
C325,"['Data Analysis', 'C++', 'Python', 'Java']",5,PhD,New York,True,134468,Ambivert
C326,"['Java', 'Leadership', 'Python']",4,High School,Seattle,False,72394,Extrovert
C327,"['Leadership', 'Project Management', 'Data Analysis', 'Excel', 'Machine Learning', 'SQL']",14,Bachelor's,Chicago,True,89749,Introvert
C328,"['Deep Learning', 'Leadership', 'Excel', 'Project Management', 'C++', 'SQL']",5,Master's,San Francisco,False,98120,Ambivert
C329,"['Java', 'Data Analysis', 'Python', 'C++', 'Machine Learning']",9,PhD,New York,True,99925,Ambivert
C330,"['SQL', 'Deep Learning', 'Python', 'Data Analysis']",2,Master's,New York,False,98971,Introvert
C331,"['Project Management', 'Deep Learning', 'SQL', 'Java', 'Machine Learning']",12,High School,Boston,True,91842,Introvert
C332,"['Python', 'Leadership', 'Java']",13,High School,Boston,True,97126,Introvert
C333,"['Excel', 'C++', 'Project Management']",9,Bachelor's,Austin,True,99444,Ambivert
C334,"['Java', 'Python', 'Excel', 'Data Analysis']",7,Master's,Austin,False,76483,Ambivert
C335,"['Java', 'Excel', 'Python']",3,PhD,San Francisco,True,111319,Extrovert
C336,"['Deep Learning', 'C++', 'Java']",5,PhD,Boston,False,42935,Extrovert
C337,"['SQL', 'Python', 'Data Analysis', 'Project Management']",5,High School,New York,True,50069,Ambivert
C338,"['Data Analysis', 'Excel', 'Python', 'Project Management', 'Deep Learning', 'Leadership']",9,High School,Boston,True,148025,Introvert
C339,"['Deep Learning', 'Project Management', 'SQL', 'Python']",5,Bachelor's,Austin,False,80267,Ambivert
C340,"['Leadership', 'Project Management', 'SQL', 'Data Analysis']",13,High School,Seattle,False,137548,Extrovert
C341,"['Python', 'Java', 'Excel', 'SQL']",5,Master's,Austin,False,88789,Extrovert
C342,"['Deep Learning', 'Machine Learning', 'C++', 'Python', 'Java', 'SQL']",3,High School,San Francisco,False,81996,Ambivert
C343,"['Leadership', 'Java', 'Deep Learning', 'Python', 'Data Analysis', 'C++']",12,Master's,Boston,True,118873,Ambivert
C344,"['SQL', 'C++', 'Project Management', 'Deep Learning']",7,High School,Boston,True,93129,Extrovert
C345,"['SQL', 'Python', 'Java', 'Machine Learning', 'Project Management']",7,High School,San Francisco,False,130690,Extrovert
C346,"['Excel', 'SQL', 'Project Management', 'Java', 'Deep Learning', 'Python']",4,Master's,San Francisco,True,92883,Introvert
C347,"['Deep Learning', 'Java', 'C++', 'SQL', 'Project Management', 'Excel']",2,PhD,Seattle,False,147216,Ambivert
C348,"['Project Management', 'Python', 'Java']",7,High School,Seattle,True,129513,Extrovert
C349,"['C++', 'Machine Learning', 'Excel', 'Project Management', 'Java']",15,Bachelor's,Chicago,False,41908,Extrovert
C350,"['Project Management', 'Data Analysis', 'Excel', 'SQL', 'Java']",13,Bachelor's,Chicago,False,101661,Extrovert
C351,"['Deep Learning', 'Project Management', 'Data Analysis', 'C++']",2,Master's,Austin,False,62148,Extrovert
C352,"['Python', 'Machine Learning', 'C++', 'Deep Learning', 'Leadership', 'Data Analysis']",8,PhD,Boston,False,78992,Introvert
C353,"['Machine Learning', 'Data Analysis', 'C++', 'Project Management', 'Python']",14,Master's,Seattle,False,143682,Introvert
C354,"['Python', 'Excel', 'Data Analysis', 'Machine Learning', 'Deep Learning']",3,High School,Chicago,True,138340,Extrovert
C355,"['SQL', 'Java', 'Python']",2,Bachelor's,Austin,True,42038,Ambivert
C356,"['Machine Learning', 'Leadership', 'Data Analysis']",10,Master's,Austin,False,56943,Extrovert
C357,"['Leadership', 'C++', 'Excel', 'Project Management', 'Machine Learning']",7,Master's,Austin,True,76492,Ambivert
C358,"['Excel', 'Machine Learning', 'Project Management', 'Leadership', 'Python']",8,Master's,New York,False,63692,Ambivert
C359,"['Python', 'Deep Learning', 'Data Analysis', 'Machine Learning']",12,Bachelor's,Austin,False,121885,Ambivert
C360,"['Java', 'Deep Learning', 'C++', 'Excel', 'Machine Learning', 'Leadership']",4,Master's,Austin,False,73953,Introvert
C361,"['Data Analysis', 'Excel', 'Project Management', 'Python', 'Leadership']",15,Bachelor's,Seattle,False,115593,Extrovert
C362,"['Project Management', 'Machine Learning', 'Excel', 'C++']",12,Bachelor's,San Francisco,False,80243,Extrovert
C363,"['Java', 'Deep Learning', 'Project Management']",6,PhD,Austin,True,93961,Introvert
C364,"['Leadership', 'C++', 'Project Management', 'Excel']",8,PhD,Boston,False,77385,Introvert
C365,"['Data Analysis', 'Project Management', 'Excel', 'C++']",8,High School,Boston,False,63057,Extrovert
C366,"['Java', 'Excel', 'Machine Learning', 'Leadership']",12,High School,Chicago,True,137234,Ambivert
C367,"['Leadership', 'Excel', 'Machine Learning', 'Deep Learning']",8,High School,Chicago,False,89615,Extrovert
C368,"['Java', 'SQL', 'Python', 'Leadership', 'Machine Learning']",8,Bachelor's,New York,False,147520,Ambivert
C369,"['Java', 'SQL', 'Project Management', 'Leadership']",9,Master's,Austin,True,47327,Extrovert
C370,"['Java', 'Project Management', 'Python', 'C++']",15,Master's,New York,False,41912,Introvert
C371,"['C++', 'Data Analysis', 'Leadership', 'Excel', 'Project Management', 'SQL']",6,High School,Chicago,True,104795,Introvert
C372,"['Project Management', 'SQL', 'Excel']",11,High School,Boston,False,130581,Introvert
C373,"['SQL', 'Java', 'Machine Learning', 'Python', 'Excel']",4,Master's,San Francisco,True,107746,Ambivert
C374,"['Python', 'Deep Learning', 'C++', 'Java', 'Excel', 'Project Management']",8,Master's,Seattle,True,120298,Ambivert
C375,"['Deep Learning', 'SQL', 'Leadership', 'Project Management']",11,High School,Boston,False,137390,Extrovert
C376,"['Excel', 'Machine Learning', 'Java']",7,PhD,Seattle,True,95582,Ambivert
C377,"['Python', 'Excel', 'Data Analysis']",10,High School,Boston,True,55280,Ambivert
C378,"['Excel', 'SQL', 'Project Management', 'Data Analysis']",9,Bachelor's,Boston,False,48263,Ambivert
C379,"['Deep Learning', 'Leadership', 'Python', 'Machine Learning', 'Project Management']",13,PhD,San Francisco,False,121898,Introvert
C380,"['Deep Learning', 'Machine Learning', 'SQL', 'Data Analysis']",12,PhD,Austin,False,61331,Extrovert
C381,"['Python', 'Project Management', 'C++', 'Java']",3,Bachelor's,Seattle,False,68044,Introvert
C382,"['Leadership', 'Python', 'Project Management', 'Java']",5,High School,New York,False,75702,Introvert
C383,"['Java', 'Data Analysis', 'SQL', 'Deep Learning', 'C++', 'Leadership']",8,PhD,New York,False,79425,Extrovert
C384,"['SQL', 'Data Analysis', 'Deep Learning', 'Java']",12,Bachelor's,San Francisco,False,76421,Extrovert
C385,"['Python', 'Java', 'Deep Learning', 'Data Analysis', 'Excel', 'Machine Learning']",13,PhD,Chicago,False,85958,Ambivert
C386,"['Machine Learning', 'Project Management', 'Data Analysis', 'Deep Learning', 'SQL']",9,Master's,Seattle,False,103441,Extrovert
C387,"['C++', 'Data Analysis', 'Leadership', 'SQL']",13,Bachelor's,Chicago,True,145837,Introvert
C388,"['Project Management', 'Java', 'Excel', 'Deep Learning', 'Machine Learning']",11,PhD,Boston,False,122033,Introvert
C389,"['Python', 'C++', 'SQL', 'Machine Learning', 'Deep Learning', 'Leadership']",9,Bachelor's,Chicago,False,133739,Introvert
C390,"['SQL', 'Java', 'Excel', 'Project Management', 'Deep Learning']",6,Bachelor's,Austin,False,93821,Ambivert
C391,"['Excel', 'Python', 'C++', 'Project Management', 'Data Analysis']",11,Bachelor's,Boston,True,70580,Introvert
C392,"['Project Management', 'Deep Learning', 'Data Analysis', 'Java']",11,Master's,Seattle,False,123554,Ambivert
C393,"['Deep Learning', 'Project Management', 'Machine Learning', 'Leadership', 'SQL']",8,High School,New York,True,69485,Extrovert
C394,"['Java', 'SQL', 'Deep Learning', 'Machine Learning']",9,High School,Boston,True,120468,Extrovert
C395,"['Python', 'Excel', 'Project Management', 'Data Analysis', 'C++', 'Leadership']",2,PhD,Austin,False,147612,Ambivert
C396,"['Leadership', 'Deep Learning', 'Java', 'C++']",15,High School,Boston,False,42906,Extrovert
C397,"['Leadership', 'Python', 'C++', 'Data Analysis', 'Machine Learning']",2,Master's,San Francisco,False,61144,Introvert
C398,"['Python', 'Machine Learning', 'C++', 'SQL', 'Deep Learning']",6,Bachelor's,New York,False,117380,Extrovert
C399,"['Deep Learning', 'Python', 'Data Analysis', 'Project Management', 'C++']",12,Master's,Boston,False,46887,Ambivert
C400,"['Project Management', 'SQL', 'C++']",8,Master's,Austin,False,148683,Extrovert
C401,"['Project Management', 'Leadership', 'Machine Learning']",13,Master's,Austin,True,69793,Extrovert
C402,"['Deep Learning', 'Data Analysis', 'Java']",15,Bachelor's,Austin,False,42332,Ambivert
C403,"['Machine Learning', 'Project Management', 'Deep Learning', 'C++']",15,Master's,Austin,False,129007,Introvert
C404,"['Leadership', 'Java', 'Python', 'Machine Learning', 'Deep Learning', 'Project Management']",10,Master's,San Francisco,True,98206,Introvert
C405,"['SQL', 'Java', 'Data Analysis', 'Project Management', 'Machine Learning']",2,High School,San Francisco,True,103145,Extrovert
C406,"['Python', 'Leadership', 'Project Management', 'Excel']",15,High School,Chicago,True,81397,Ambivert
C407,"['Java', 'Excel', 'Project Management']",3,High School,Austin,True,88756,Introvert
C408,"['Leadership', 'C++', 'Machine Learning', 'Java']",14,High School,Boston,False,71655,Ambivert
C409,"['Excel', 'Leadership', 'SQL']",1,Bachelor's,New York,True,52156,Extrovert
C410,"['Data Analysis', 'Machine Learning', 'Python', 'Project Management', 'Java']",2,PhD,Chicago,False,123464,Extrovert
C411,"['Deep Learning', 'Project Management', 'SQL', 'Excel', 'Java']",5,High School,Austin,True,42386,Extrovert
C412,"['Leadership', 'C++', 'SQL', 'Data Analysis', 'Deep Learning', 'Machine Learning']",2,PhD,New York,False,65888,Introvert
C413,"['Java', 'C++', 'Machine Learning', 'Project Management', 'Excel']",15,Master's,Boston,False,142290,Extrovert
C414,"['Project Management', 'C++', 'Java', 'Data Analysis', 'Leadership', 'Excel']",1,High School,Seattle,True,117310,Ambivert
C415,"['Excel', 'Python', 'Deep Learning', 'Leadership']",4,High School,Seattle,False,137990,Ambivert
C416,"['Java', 'SQL', 'Excel', 'Project Management', 'Python']",10,High School,New York,False,62575,Ambivert
C417,"['Data Analysis', 'Project Management', 'Java', 'Deep Learning']",12,Master's,Boston,False,80325,Ambivert
C418,"['Machine Learning', 'Excel', 'SQL', 'Project Management']",4,PhD,Austin,False,43788,Ambivert
C419,"['SQL', 'Python', 'Machine Learning', 'Project Management', 'Data Analysis']",14,PhD,Seattle,True,137958,Ambivert
C420,"['SQL', 'Machine Learning', 'Data Analysis', 'Java']",15,Master's,Boston,True,114839,Introvert
C421,"['Python', 'Data Analysis', 'Leadership', 'Java']",2,PhD,Austin,False,42428,Extrovert
C422,"['Python', 'SQL', 'Data Analysis', 'Project Management', 'C++']",10,Bachelor's,Austin,False,42652,Introvert
C423,"['Leadership', 'Python', 'Deep Learning']",14,High School,Austin,True,136358,Extrovert
C424,"['Machine Learning', 'Deep Learning', 'SQL', 'Project Management']",10,High School,Chicago,False,125748,Introvert
C425,"['Deep Learning', 'Data Analysis', 'Leadership']",15,Master's,San Francisco,False,122944,Introvert
C426,"['Python', 'Deep Learning', 'Excel', 'Leadership', 'C++', 'Machine Learning']",1,Master's,Chicago,True,120995,Ambivert
C427,"['C++', 'Python', 'Machine Learning', 'SQL', 'Excel']",2,PhD,Seattle,False,109199,Extrovert
C428,"['Java', 'C++', 'Excel', 'SQL', 'Python']",14,Master's,San Francisco,False,64699,Extrovert
C429,"['Excel', 'Machine Learning', 'SQL', 'Deep Learning']",4,PhD,New York,False,109793,Introvert
C430,"['Machine Learning', 'Java', 'Project Management', 'Data Analysis', 'Deep Learning']",13,Master's,Seattle,True,56415,Extrovert
C431,"['Data Analysis', 'Project Management', 'Python']",14,PhD,Boston,True,143680,Introvert
C432,"['Leadership', 'Java', 'Project Management', 'Deep Learning', 'Python']",11,Bachelor's,Austin,False,77293,Extrovert
C433,"['Project Management', 'Java', 'C++', 'SQL']",8,Master's,Seattle,True,72179,Extrovert
C434,"['Java', 'Excel', 'Python', 'Leadership', 'Machine Learning', 'Deep Learning']",15,High School,Chicago,True,103840,Ambivert
C435,"['SQL', 'Deep Learning', 'Python', 'Machine Learning', 'Data Analysis']",9,Bachelor's,Chicago,True,134122,Introvert
C436,"['Machine Learning', 'C++', 'Java']",6,Master's,Seattle,False,123406,Extrovert
C437,"['Machine Learning', 'C++', 'Excel']",3,Master's,Seattle,True,124107,Introvert
C438,"['C++', 'Project Management', 'Excel', 'Python', 'Java']",8,Bachelor's,San Francisco,True,145235,Ambivert
C439,"['C++', 'Leadership', 'Data Analysis']",1,Bachelor's,Boston,True,141347,Extrovert
C440,"['Deep Learning', 'Leadership', 'Excel', 'Project Management', 'C++']",5,PhD,Seattle,False,51462,Ambivert
C441,"['Excel', 'Data Analysis', 'C++']",12,Bachelor's,Chicago,True,88452,Extrovert
C442,"['Data Analysis', 'Project Management', 'Leadership', 'Python']",1,PhD,Chicago,True,60780,Ambivert
C443,"['Machine Learning', 'Data Analysis', 'Excel']",15,PhD,Seattle,True,54399,Introvert
C444,"['C++', 'Leadership', 'Data Analysis']",5,Master's,San Francisco,False,76337,Extrovert
C445,"['SQL', 'Deep Learning', 'C++', 'Java', 'Data Analysis', 'Machine Learning']",3,Bachelor's,San Francisco,True,43076,Ambivert
C446,"['Leadership', 'Data Analysis', 'Excel', 'SQL']",13,Master's,Austin,True,123909,Introvert
C447,"['Java', 'Leadership', 'Python', 'Deep Learning', 'C++', 'Excel']",1,Master's,New York,True,49261,Introvert
C448,"['Java', 'Excel', 'Machine Learning']",13,PhD,Boston,True,141024,Extrovert
C449,"['Data Analysis', 'Leadership', 'Java', 'SQL', 'Deep Learning']",3,Master's,Boston,True,99480,Extrovert
C450,"['C++', 'Machine Learning', 'SQL', 'Data Analysis', 'Python']",9,Bachelor's,Chicago,False,82029,Extrovert
C451,"['Deep Learning', 'SQL', 'Data Analysis', 'Machine Learning']",1,Bachelor's,New York,True,104244,Ambivert
C452,"['Java', 'Project Management', 'Excel']",8,Master's,Boston,True,79020,Extrovert
C453,"['C++', 'Project Management', 'Java', 'Excel']",10,Master's,Chicago,False,51064,Extrovert
C454,"['Excel', 'Python', 'Data Analysis', 'Deep Learning', 'Leadership', 'Project Management']",10,Bachelor's,New York,True,113988,Extrovert
C455,"['C++', 'Excel', 'Python', 'SQL', 'Leadership', 'Machine Learning']",10,Master's,New York,True,96294,Extrovert
C456,"['Machine Learning', 'C++', 'Project Management', 'Deep Learning', 'Python']",2,High School,Austin,False,125721,Introvert
C457,"['Python', 'Deep Learning', 'Excel', 'Machine Learning', 'C++']",11,PhD,New York,True,92269,Extrovert
C458,"['Deep Learning', 'C++', 'Machine Learning', 'Leadership']",10,Master's,Chicago,False,122066,Extrovert
C459,"['SQL', 'C++', 'Java', 'Excel', 'Leadership', 'Machine Learning']",2,Master's,Austin,True,59448,Introvert
C460,"['Data Analysis', 'Project Management', 'Excel']",3,Bachelor's,Seattle,True,84253,Extrovert
C461,"['Project Management', 'Machine Learning', 'Deep Learning']",4,High School,Seattle,True,98426,Introvert
C462,"['Data Analysis', 'Deep Learning', 'Java', 'Machine Learning']",6,PhD,Chicago,True,146702,Extrovert
C463,"['Excel', 'Deep Learning', 'Data Analysis']",4,High School,Boston,False,48557,Extrovert
C464,"['Deep Learning', 'Project Management', 'Leadership']",9,High School,Austin,True,147592,Introvert
C465,"['Project Management', 'C++', 'Deep Learning', 'Leadership']",4,Bachelor's,San Francisco,False,51336,Extrovert
C466,"['Machine Learning', 'Deep Learning', 'Data Analysis', 'Leadership', 'SQL', 'Excel']",8,PhD,Austin,True,80797,Ambivert
C467,"['Python', 'C++', 'Machine Learning', 'Leadership', 'Excel']",11,Master's,Seattle,True,101943,Ambivert
C468,"['Project Management', 'Python', 'Excel']",4,High School,Seattle,False,71406,Extrovert
C469,"['C++', 'Python', 'SQL', 'Leadership', 'Excel']",11,Master's,Seattle,True,123831,Extrovert
C470,"['Java', 'Data Analysis', 'C++', 'Excel']",5,High School,Austin,False,144960,Introvert
C471,"['Project Management', 'Leadership', 'Deep Learning', 'Python', 'Java', 'SQL']",5,Bachelor's,San Francisco,True,113594,Extrovert
C472,"['Java', 'Python', 'Leadership', 'Machine Learning', 'C++', 'Deep Learning']",3,High School,New York,False,79550,Extrovert
C473,"['Java', 'Python', 'Leadership']",14,Master's,San Francisco,True,79993,Ambivert
C474,"['Deep Learning', 'Excel', 'C++', 'Machine Learning', 'Data Analysis', 'SQL']",9,Master's,Boston,True,45448,Introvert
C475,"['SQL', 'Data Analysis', 'Java', 'C++', 'Python', 'Excel']",10,PhD,New York,True,85307,Extrovert
C476,"['Project Management', 'Python', 'Deep Learning']",9,Master's,Boston,False,75808,Extrovert
C477,"['SQL', 'Excel', 'Python', 'Machine Learning']",4,High School,Chicago,False,47364,Introvert
C478,"['Deep Learning', 'SQL', 'Java', 'Data Analysis']",14,High School,San Francisco,True,83303,Ambivert
C479,"['Leadership', 'Python', 'Data Analysis']",6,PhD,Austin,True,56681,Ambivert
C480,"['Excel', 'Java', 'Machine Learning']",1,Bachelor's,San Francisco,False,88407,Ambivert
C481,"['Leadership', 'Python', 'Project Management']",13,Master's,Seattle,False,148055,Introvert
C482,"['Python', 'Excel', 'Data Analysis', 'Project Management', 'Machine Learning']",13,High School,Seattle,True,130037,Introvert
C483,"['Java', 'Project Management', 'Data Analysis', 'Excel']",6,Master's,Chicago,False,149296,Extrovert
C484,"['Machine Learning', 'Java', 'Python', 'Leadership']",7,Master's,Austin,False,117719,Introvert
C485,"['Java', 'C++', 'Python', 'SQL', 'Excel']",6,Bachelor's,Austin,False,121584,Ambivert
C486,"['SQL', 'Excel', 'Python', 'Project Management']",6,Master's,Seattle,True,135647,Introvert
C487,"['C++', 'Python', 'Leadership', 'Data Analysis']",1,Bachelor's,New York,True,89147,Extrovert
C488,"['Excel', 'Data Analysis', 'Machine Learning', 'Python', 'Deep Learning']",15,Bachelor's,Chicago,True,120563,Extrovert
C489,"['C++', 'Machine Learning', 'SQL']",5,Bachelor's,Boston,True,61463,Ambivert
C490,"['C++', 'Machine Learning', 'Python']",8,Bachelor's,Chicago,False,81385,Ambivert
C491,"['Python', 'SQL', 'Leadership']",7,High School,Seattle,False,119472,Introvert
C492,"['Excel', 'Python', 'Leadership', 'SQL']",3,High School,San Francisco,True,141282,Extrovert
C493,"['Excel', 'SQL', 'Data Analysis', 'Java']",12,Bachelor's,San Francisco,True,142893,Introvert
C494,"['SQL', 'Deep Learning', 'Java']",8,PhD,San Francisco,True,138838,Ambivert
C495,"['C++', 'Data Analysis', 'Excel', 'SQL']",11,Master's,Austin,False,57017,Introvert
C496,"['SQL', 'C++', 'Leadership', 'Data Analysis', 'Python', 'Project Management']",14,Bachelor's,San Francisco,False,117611,Introvert
C497,"['C++', 'Leadership', 'Machine Learning', 'Python', 'Deep Learning', 'Excel']",11,Bachelor's,Boston,False,57768,Extrovert
C498,"['SQL', 'Python', 'Data Analysis', 'Machine Learning']",1,PhD,Boston,True,121318,Extrovert
C499,"['Python', 'Machine Learning', 'Excel', 'SQL', 'Project Management', 'Java']",9,High School,Seattle,True,41957,Ambivert
C500,"['Deep Learning', 'SQL', 'Leadership']",1,Master's,Austin,False,63728,Introvert
